[{"model": "admin.logentry", "pk": 1, "fields": {"action_time": "2021-04-19T16:30:16.850Z", "user": 1, "content_type": 13, "object_id": "1", "object_repr": "whole_bean", "action_flag": 1, "change_message": "[{\"added\": {}}]"}}, {"model": "admin.logentry", "pk": 2, "fields": {"action_time": "2021-04-19T16:30:37.543Z", "user": 1, "content_type": 13, "object_id": "2", "object_repr": "cafetiere", "action_flag": 1, "change_message": "[{\"added\": {}}]"}}, {"model": "admin.logentry", "pk": 3, "fields": {"action_time": "2021-04-19T16:30:47.627Z", "user": 1, "content_type": 13, "object_id": "3", "object_repr": "filter", "action_flag": 1, "change_message": "[{\"added\": {}}]"}}, {"model": "admin.logentry", "pk": 4, "fields": {"action_time": "2021-04-19T16:30:54.153Z", "user": 1, "content_type": 13, "object_id": "4", "object_repr": "espresso", "action_flag": 1, "change_message": "[{\"added\": {}}]"}}, {"model": "admin.logentry", "pk": 5, "fields": {"action_time": "2021-04-19T16:31:06.901Z", "user": 1, "content_type": 15, "object_id": "1", "object_repr": "Robusta", "action_flag": 1, "change_message": "[{\"added\": {}}]"}}, {"model": "admin.logentry", "pk": 6, "fields": {"action_time": "2021-04-19T16:32:18.721Z", "user": 1, "content_type": 15, "object_id": "2", "object_repr": "arabica", "action_flag": 1, "change_message": "[{\"added\": {}}]"}}, {"model": "admin.logentry", "pk": 7, "fields": {"action_time": "2021-04-19T16:32:31.611Z", "user": 1, "content_type": 15, "object_id": "1", "object_repr": "robusta", "action_flag": 2, "change_message": "[{\"changed\": {\"fields\": [\"Name\", \"Display name\"]}}]"}}, {"model": "admin.logentry", "pk": 8, "fields": {"action_time": "2021-04-19T16:32:48.442Z", "user": 1, "content_type": 15, "object_id": "3", "object_repr": "liberica", "action_flag": 1, "change_message": "[{\"added\": {}}]"}}, {"model": "admin.logentry", "pk": 9, "fields": {"action_time": "2021-04-19T16:35:04.326Z", "user": 1, "content_type": 14, "object_id": "1", "object_repr": "BATCH 2", "action_flag": 1, "change_message": "[{\"added\": {}}]"}}, {"model": "admin.logentry", "pk": 10, "fields": {"action_time": "2021-04-19T17:06:57.161Z", "user": 1, "content_type": 14, "object_id": "2", "object_repr": "BATCH 12 DECAF", "action_flag": 1, "change_message": "[{\"added\": {}}]"}}, {"model": "admin.logentry", "pk": 11, "fields": {"action_time": "2021-04-19T20:41:11.616Z", "user": 1, "content_type": 14, "object_id": "3", "object_repr": "BATCH 1", "action_flag": 1, "change_message": "[{\"added\": {}}]"}}, {"model": "admin.logentry", "pk": 12, "fields": {"action_time": "2021-04-19T20:43:14.175Z", "user": 1, "content_type": 14, "object_id": "4", "object_repr": "BATCH 3", "action_flag": 1, "change_message": "[{\"added\": {}}]"}}, {"model": "admin.logentry", "pk": 13, "fields": {"action_time": "2021-04-19T20:44:44.636Z", "user": 1, "content_type": 14, "object_id": "5", "object_repr": "BATCH 4", "action_flag": 1, "change_message": "[{\"added\": {}}]"}}, {"model": "admin.logentry", "pk": 14, "fields": {"action_time": "2021-04-19T20:46:34.181Z", "user": 1, "content_type": 14, "object_id": "4", "object_repr": "BATCH 3", "action_flag": 2, "change_message": "[{\"changed\": {\"fields\": [\"Image\"]}}]"}}, {"model": "admin.logentry", "pk": 15, "fields": {"action_time": "2021-04-20T09:29:56.460Z", "user": 1, "content_type": 14, "object_id": "6", "object_repr": "BATCH 5", "action_flag": 1, "change_message": "[{\"added\": {}}]"}}, {"model": "admin.logentry", "pk": 16, "fields": {"action_time": "2021-04-20T09:31:07.102Z", "user": 1, "content_type": 14, "object_id": "7", "object_repr": "BATCH 6", "action_flag": 1, "change_message": "[{\"added\": {}}]"}}, {"model": "admin.logentry", "pk": 17, "fields": {"action_time": "2021-04-20T09:33:24.243Z", "user": 1, "content_type": 14, "object_id": "8", "object_repr": "BATCH 8 DECAF", "action_flag": 1, "change_message": "[{\"added\": {}}]"}}, {"model": "admin.logentry", "pk": 18, "fields": {"action_time": "2021-04-20T09:35:34.202Z", "user": 1, "content_type": 14, "object_id": "9", "object_repr": "BATCH 10", "action_flag": 1, "change_message": "[{\"added\": {}}]"}}, {"model": "admin.logentry", "pk": 19, "fields": {"action_time": "2021-04-20T09:38:53.947Z", "user": 1, "content_type": 14, "object_id": "10", "object_repr": "BATCH 11", "action_flag": 1, "change_message": "[{\"added\": {}}]"}}, {"model": "admin.logentry", "pk": 20, "fields": {"action_time": "2021-04-26T17:20:05.850Z", "user": 1, "content_type": 17, "object_id": "36", "object_repr": "120F1C7950674501B889654B893D771A", "action_flag": 2, "change_message": "[{\"changed\": {\"name\": \"order line item\", \"object\": \"SKU BC-CA-RO-6D on order 120F1C7950674501B889654B893D771A\", \"fields\": [\"Quantity\"]}}]"}}, {"model": "admin.logentry", "pk": 21, "fields": {"action_time": "2021-04-26T17:21:48.469Z", "user": 1, "content_type": 17, "object_id": "36", "object_repr": "120F1C7950674501B889654B893D771A", "action_flag": 2, "change_message": "[{\"changed\": {\"name\": \"order line item\", \"object\": \"SKU BC-CA-RO-6D on order 120F1C7950674501B889654B893D771A\", \"fields\": [\"Quantity\"]}}]"}}, {"model": "admin.logentry", "pk": 22, "fields": {"action_time": "2021-04-26T17:28:37.482Z", "user": 1, "content_type": 17, "object_id": "15", "object_repr": "AAFBBB363C9D40DAB66F83FE8ECCD439", "action_flag": 3, "change_message": ""}}, {"model": "admin.logentry", "pk": 23, "fields": {"action_time": "2021-04-26T17:28:37.509Z", "user": 1, "content_type": 17, "object_id": "14", "object_repr": "281063A354204139A88F40F61E921D0A", "action_flag": 3, "change_message": ""}}, {"model": "admin.logentry", "pk": 24, "fields": {"action_time": "2021-04-26T17:28:37.534Z", "user": 1, "content_type": 17, "object_id": "13", "object_repr": "EED3846FC9FC4D058F74FDF9F5F3B27E", "action_flag": 3, "change_message": ""}}, {"model": "admin.logentry", "pk": 25, "fields": {"action_time": "2021-04-26T17:28:37.557Z", "user": 1, "content_type": 17, "object_id": "12", "object_repr": "33AD77987EEB4A27826BA8336B1BE311", "action_flag": 3, "change_message": ""}}, {"model": "admin.logentry", "pk": 26, "fields": {"action_time": "2021-04-26T17:28:37.580Z", "user": 1, "content_type": 17, "object_id": "11", "object_repr": "4E90DC9BDA5549E299269C2981D1D5CA", "action_flag": 3, "change_message": ""}}, {"model": "admin.logentry", "pk": 27, "fields": {"action_time": "2021-04-26T17:28:37.611Z", "user": 1, "content_type": 17, "object_id": "10", "object_repr": "8E04F5F1F59944588696ADF40940EF42", "action_flag": 3, "change_message": ""}}, {"model": "admin.logentry", "pk": 28, "fields": {"action_time": "2021-04-26T17:28:37.633Z", "user": 1, "content_type": 17, "object_id": "9", "object_repr": "8B5AB25018FB4D7EA88B37CB82E238F4", "action_flag": 3, "change_message": ""}}, {"model": "admin.logentry", "pk": 29, "fields": {"action_time": "2021-04-26T17:28:37.655Z", "user": 1, "content_type": 17, "object_id": "8", "object_repr": "4FFF90BA4F534CE2B12063FFACBFD742", "action_flag": 3, "change_message": ""}}, {"model": "admin.logentry", "pk": 30, "fields": {"action_time": "2021-04-26T17:28:37.677Z", "user": 1, "content_type": 17, "object_id": "7", "object_repr": "0D70E59CC19A42E98C30E317B9A49D07", "action_flag": 3, "change_message": ""}}, {"model": "admin.logentry", "pk": 31, "fields": {"action_time": "2021-04-26T17:28:37.698Z", "user": 1, "content_type": 17, "object_id": "6", "object_repr": "256D47C66C7A42D2A997EF9910FAF086", "action_flag": 3, "change_message": ""}}, {"model": "admin.logentry", "pk": 32, "fields": {"action_time": "2021-04-26T17:28:37.720Z", "user": 1, "content_type": 17, "object_id": "5", "object_repr": "FE43CC8CE065484980A973A386921DC0", "action_flag": 3, "change_message": ""}}, {"model": "admin.logentry", "pk": 33, "fields": {"action_time": "2021-04-26T17:28:37.744Z", "user": 1, "content_type": 17, "object_id": "4", "object_repr": "6FDD6CA0E3DD4D07963994337C5916B4", "action_flag": 3, "change_message": ""}}, {"model": "admin.logentry", "pk": 34, "fields": {"action_time": "2021-04-26T17:28:37.765Z", "user": 1, "content_type": 17, "object_id": "3", "object_repr": "C87F0798FEE5490CB7B58951E538F3E1", "action_flag": 3, "change_message": ""}}, {"model": "admin.logentry", "pk": 35, "fields": {"action_time": "2021-04-26T17:28:37.787Z", "user": 1, "content_type": 17, "object_id": "2", "object_repr": "CD001C4DA69F4521B05A12A4CE7E6892", "action_flag": 3, "change_message": ""}}, {"model": "admin.logentry", "pk": 36, "fields": {"action_time": "2021-04-26T17:28:37.810Z", "user": 1, "content_type": 17, "object_id": "1", "object_repr": "CD2EC2146ADE4DDEB6B7755AF912CC72", "action_flag": 3, "change_message": ""}}, {"model": "admin.logentry", "pk": 37, "fields": {"action_time": "2021-04-26T17:28:51.350Z", "user": 1, "content_type": 17, "object_id": "16", "object_repr": "63F2F6A4960540F6A14E4A1898E2798F", "action_flag": 2, "change_message": "[{\"changed\": {\"name\": \"order line item\", \"object\": \"SKU BC-CA-RO-6D on order 63F2F6A4960540F6A14E4A1898E2798F\", \"fields\": [\"Quantity\"]}}]"}}, {"model": "admin.logentry", "pk": 38, "fields": {"action_time": "2021-04-26T17:29:10.606Z", "user": 1, "content_type": 17, "object_id": "16", "object_repr": "63F2F6A4960540F6A14E4A1898E2798F", "action_flag": 2, "change_message": "[{\"deleted\": {\"name\": \"order line item\", \"object\": \"SKU BC-CA-RO-6D on order 63F2F6A4960540F6A14E4A1898E2798F\"}}]"}}, {"model": "admin.logentry", "pk": 39, "fields": {"action_time": "2021-04-26T17:30:15.909Z", "user": 1, "content_type": 17, "object_id": "35", "object_repr": "5B5A0EC2F7D449069185FA7DD4029C35", "action_flag": 3, "change_message": ""}}, {"model": "admin.logentry", "pk": 40, "fields": {"action_time": "2021-04-26T17:30:15.934Z", "user": 1, "content_type": 17, "object_id": "34", "object_repr": "174C412283AE48B39BF408F3A4BF507E", "action_flag": 3, "change_message": ""}}, {"model": "admin.logentry", "pk": 41, "fields": {"action_time": "2021-04-26T17:30:15.956Z", "user": 1, "content_type": 17, "object_id": "33", "object_repr": "A556E1E751A04F77BDC4C917A300ADB4", "action_flag": 3, "change_message": ""}}, {"model": "admin.logentry", "pk": 42, "fields": {"action_time": "2021-04-26T17:30:15.979Z", "user": 1, "content_type": 17, "object_id": "32", "object_repr": "86F921A0A3864A278D66F004843C3A22", "action_flag": 3, "change_message": ""}}, {"model": "admin.logentry", "pk": 43, "fields": {"action_time": "2021-04-26T17:30:16.000Z", "user": 1, "content_type": 17, "object_id": "31", "object_repr": "792DB95DF28C449D8C87C9ED784A0FB4", "action_flag": 3, "change_message": ""}}, {"model": "admin.logentry", "pk": 44, "fields": {"action_time": "2021-04-26T17:30:16.033Z", "user": 1, "content_type": 17, "object_id": "30", "object_repr": "16468D43E2B64F2EA1E8B350DCFD75AD", "action_flag": 3, "change_message": ""}}, {"model": "admin.logentry", "pk": 45, "fields": {"action_time": "2021-04-26T17:30:16.055Z", "user": 1, "content_type": 17, "object_id": "29", "object_repr": "35C89D5BAD384D8EA354320684161CDA", "action_flag": 3, "change_message": ""}}, {"model": "admin.logentry", "pk": 46, "fields": {"action_time": "2021-04-26T17:30:16.087Z", "user": 1, "content_type": 17, "object_id": "28", "object_repr": "48F7724FE5A84C59A24EB000F2A6BB79", "action_flag": 3, "change_message": ""}}, {"model": "admin.logentry", "pk": 47, "fields": {"action_time": "2021-04-26T17:30:16.108Z", "user": 1, "content_type": 17, "object_id": "27", "object_repr": "A2E774508455420F9C31935022C85C31", "action_flag": 3, "change_message": ""}}, {"model": "admin.logentry", "pk": 48, "fields": {"action_time": "2021-04-26T17:30:16.130Z", "user": 1, "content_type": 17, "object_id": "26", "object_repr": "66501E0AC9AA4B45AB1149FCA6419778", "action_flag": 3, "change_message": ""}}, {"model": "admin.logentry", "pk": 49, "fields": {"action_time": "2021-04-26T17:30:16.162Z", "user": 1, "content_type": 17, "object_id": "25", "object_repr": "D51D9976AD264BB488E521D296A26050", "action_flag": 3, "change_message": ""}}, {"model": "admin.logentry", "pk": 50, "fields": {"action_time": "2021-04-26T17:30:16.185Z", "user": 1, "content_type": 17, "object_id": "24", "object_repr": "10D48C140523466BB8B7B7F47DBD5527", "action_flag": 3, "change_message": ""}}, {"model": "admin.logentry", "pk": 51, "fields": {"action_time": "2021-04-26T17:30:16.216Z", "user": 1, "content_type": 17, "object_id": "23", "object_repr": "C1FC81196BC442EFB84D892C1F83C140", "action_flag": 3, "change_message": ""}}, {"model": "admin.logentry", "pk": 52, "fields": {"action_time": "2021-04-26T17:30:16.242Z", "user": 1, "content_type": 17, "object_id": "22", "object_repr": "FC9E5C2AD584438C888ACC8CA2A2F805", "action_flag": 3, "change_message": ""}}, {"model": "admin.logentry", "pk": 53, "fields": {"action_time": "2021-04-26T17:30:16.264Z", "user": 1, "content_type": 17, "object_id": "21", "object_repr": "711CED5A00D2449E8186C8EFBF53BF4F", "action_flag": 3, "change_message": ""}}, {"model": "admin.logentry", "pk": 54, "fields": {"action_time": "2021-04-26T17:30:16.287Z", "user": 1, "content_type": 17, "object_id": "20", "object_repr": "4F06F22591A34C5493F411865387A481", "action_flag": 3, "change_message": ""}}, {"model": "admin.logentry", "pk": 55, "fields": {"action_time": "2021-04-26T17:30:16.311Z", "user": 1, "content_type": 17, "object_id": "19", "object_repr": "37862C54074D40329E7130493B8A3306", "action_flag": 3, "change_message": ""}}, {"model": "admin.logentry", "pk": 56, "fields": {"action_time": "2021-04-26T17:30:16.336Z", "user": 1, "content_type": 17, "object_id": "18", "object_repr": "EBA3A07284FD4734A470222EC5695697", "action_flag": 3, "change_message": ""}}, {"model": "admin.logentry", "pk": 57, "fields": {"action_time": "2021-04-26T17:30:16.357Z", "user": 1, "content_type": 17, "object_id": "17", "object_repr": "8B4C9C4BE4C946CEBC09BAE0C92FEA16", "action_flag": 3, "change_message": ""}}, {"model": "admin.logentry", "pk": 58, "fields": {"action_time": "2021-04-26T17:30:16.380Z", "user": 1, "content_type": 17, "object_id": "16", "object_repr": "63F2F6A4960540F6A14E4A1898E2798F", "action_flag": 3, "change_message": ""}}, {"model": "admin.logentry", "pk": 59, "fields": {"action_time": "2021-04-26T17:32:10.968Z", "user": 1, "content_type": 17, "object_id": "37", "object_repr": "75FC2C43918F4777A8065099E786F4F5", "action_flag": 3, "change_message": ""}}, {"model": "admin.logentry", "pk": 60, "fields": {"action_time": "2021-04-26T17:41:01.785Z", "user": 1, "content_type": 17, "object_id": "40", "object_repr": "BC0C862F0F444BBEB9943F2638DDAFCE", "action_flag": 3, "change_message": ""}}, {"model": "admin.logentry", "pk": 61, "fields": {"action_time": "2021-04-26T22:47:33.085Z", "user": 1, "content_type": 17, "object_id": "46", "object_repr": "B636B54EC2C94F2CBDC930FAB0AF4BBA", "action_flag": 2, "change_message": "[{\"changed\": {\"name\": \"order line item\", \"object\": \"SKU BC-CA-AR-4 on order B636B54EC2C94F2CBDC930FAB0AF4BBA\", \"fields\": [\"Quantity\"]}}]"}}, {"model": "admin.logentry", "pk": 62, "fields": {"action_time": "2021-04-26T22:47:42.451Z", "user": 1, "content_type": 17, "object_id": "46", "object_repr": "B636B54EC2C94F2CBDC930FAB0AF4BBA", "action_flag": 2, "change_message": "[{\"changed\": {\"name\": \"order line item\", \"object\": \"SKU BC-CA-AR-4 on order B636B54EC2C94F2CBDC930FAB0AF4BBA\", \"fields\": [\"Quantity\"]}}]"}}, {"model": "admin.logentry", "pk": 63, "fields": {"action_time": "2021-04-26T22:49:04.533Z", "user": 1, "content_type": 17, "object_id": "46", "object_repr": "B636B54EC2C94F2CBDC930FAB0AF4BBA", "action_flag": 3, "change_message": ""}}, {"model": "admin.logentry", "pk": 64, "fields": {"action_time": "2021-04-26T22:49:04.564Z", "user": 1, "content_type": 17, "object_id": "45", "object_repr": "8BF8315919A04A78B7040255514C8548", "action_flag": 3, "change_message": ""}}, {"model": "admin.logentry", "pk": 65, "fields": {"action_time": "2021-04-26T22:49:04.593Z", "user": 1, "content_type": 17, "object_id": "44", "object_repr": "1020B1133B7D484A9008CA56AB36FE73", "action_flag": 3, "change_message": ""}}, {"model": "admin.logentry", "pk": 66, "fields": {"action_time": "2021-04-26T22:49:04.626Z", "user": 1, "content_type": 17, "object_id": "43", "object_repr": "E2C7837B079C4DA09E7C410594BB94DB", "action_flag": 3, "change_message": ""}}, {"model": "admin.logentry", "pk": 67, "fields": {"action_time": "2021-04-26T22:49:04.654Z", "user": 1, "content_type": 17, "object_id": "42", "object_repr": "C4862FA1DBC04C37BB0EB7A5D37CC2D2", "action_flag": 3, "change_message": ""}}, {"model": "admin.logentry", "pk": 68, "fields": {"action_time": "2021-04-26T22:49:04.682Z", "user": 1, "content_type": 17, "object_id": "41", "object_repr": "8AEB752C278A4118ADB29096A2D61824", "action_flag": 3, "change_message": ""}}, {"model": "admin.logentry", "pk": 69, "fields": {"action_time": "2021-04-26T22:49:04.709Z", "user": 1, "content_type": 17, "object_id": "39", "object_repr": "E9D0853B44B34481A2EBCF2A8577E9D8", "action_flag": 3, "change_message": ""}}, {"model": "admin.logentry", "pk": 70, "fields": {"action_time": "2021-04-26T22:49:04.734Z", "user": 1, "content_type": 17, "object_id": "38", "object_repr": "4236311306E34EB3BF3478A598F5834E", "action_flag": 3, "change_message": ""}}, {"model": "admin.logentry", "pk": 71, "fields": {"action_time": "2021-04-26T22:49:04.762Z", "user": 1, "content_type": 17, "object_id": "36", "object_repr": "120F1C7950674501B889654B893D771A", "action_flag": 3, "change_message": ""}}, {"model": "admin.logentry", "pk": 72, "fields": {"action_time": "2021-04-26T23:51:07.892Z", "user": 1, "content_type": 17, "object_id": "48", "object_repr": "83F5D357BB874D458CC20512D90F4128", "action_flag": 2, "change_message": "[]"}}, {"model": "admin.logentry", "pk": 73, "fields": {"action_time": "2021-04-27T08:14:55.310Z", "user": 1, "content_type": 17, "object_id": "51", "object_repr": "9228D553500C4E729046629FB25275EC", "action_flag": 2, "change_message": "[{\"added\": {\"name\": \"order line item\", \"object\": \"SKU BC-WB-AR-3 on order 9228D553500C4E729046629FB25275EC\"}}]"}}, {"model": "admin.logentry", "pk": 74, "fields": {"action_time": "2021-04-27T08:16:18.706Z", "user": 1, "content_type": 17, "object_id": "48", "object_repr": "83F5D357BB874D458CC20512D90F4128", "action_flag": 2, "change_message": "[{\"added\": {\"name\": \"order line item\", \"object\": \"SKU BC-WB-AR-4 on order 83F5D357BB874D458CC20512D90F4128\"}}]"}}, {"model": "admin.logentry", "pk": 75, "fields": {"action_time": "2021-04-27T08:43:46.713Z", "user": 1, "content_type": 17, "object_id": "52", "object_repr": "BF587FD7F55A4C8F8DE35EA329051D89", "action_flag": 2, "change_message": "[{\"changed\": {\"name\": \"order line item\", \"object\": \"SKU BC-CA-RO-5 on order BF587FD7F55A4C8F8DE35EA329051D89\", \"fields\": [\"Quantity\"]}}]"}}, {"model": "admin.logentry", "pk": 76, "fields": {"action_time": "2021-04-27T08:46:56.535Z", "user": 1, "content_type": 17, "object_id": "52", "object_repr": "BF587FD7F55A4C8F8DE35EA329051D89", "action_flag": 2, "change_message": "[{\"changed\": {\"name\": \"order line item\", \"object\": \"SKU BC-CA-RO-5 on order BF587FD7F55A4C8F8DE35EA329051D89\", \"fields\": [\"Quantity\"]}}]"}}, {"model": "admin.logentry", "pk": 77, "fields": {"action_time": "2021-04-27T08:55:22.977Z", "user": 1, "content_type": 17, "object_id": "52", "object_repr": "BF587FD7F55A4C8F8DE35EA329051D89", "action_flag": 3, "change_message": ""}}, {"model": "admin.logentry", "pk": 78, "fields": {"action_time": "2021-04-27T08:55:23.002Z", "user": 1, "content_type": 17, "object_id": "51", "object_repr": "9228D553500C4E729046629FB25275EC", "action_flag": 3, "change_message": ""}}, {"model": "admin.logentry", "pk": 79, "fields": {"action_time": "2021-04-27T08:55:23.024Z", "user": 1, "content_type": 17, "object_id": "50", "object_repr": "45DA2D548621436B934A7CE7CEDE4776", "action_flag": 3, "change_message": ""}}, {"model": "admin.logentry", "pk": 80, "fields": {"action_time": "2021-04-27T08:55:23.046Z", "user": 1, "content_type": 17, "object_id": "49", "object_repr": "A83A46FF20A344BD807A129269570F60", "action_flag": 3, "change_message": ""}}, {"model": "admin.logentry", "pk": 81, "fields": {"action_time": "2021-04-27T08:55:23.077Z", "user": 1, "content_type": 17, "object_id": "48", "object_repr": "83F5D357BB874D458CC20512D90F4128", "action_flag": 3, "change_message": ""}}, {"model": "admin.logentry", "pk": 82, "fields": {"action_time": "2021-04-27T08:55:23.111Z", "user": 1, "content_type": 17, "object_id": "47", "object_repr": "85E9A342D4A34C0B87B3308C6CCCC594", "action_flag": 3, "change_message": ""}}, {"model": "admin.logentry", "pk": 83, "fields": {"action_time": "2021-04-27T09:17:29.925Z", "user": 1, "content_type": 17, "object_id": "53", "object_repr": "FAEC1DD6AE3146A1982702BAB54ECD32", "action_flag": 2, "change_message": "[]"}}, {"model": "admin.logentry", "pk": 84, "fields": {"action_time": "2021-04-27T09:17:39.533Z", "user": 1, "content_type": 17, "object_id": "53", "object_repr": "FAEC1DD6AE3146A1982702BAB54ECD32", "action_flag": 2, "change_message": "[{\"added\": {\"name\": \"order line item\", \"object\": \"SKU BC-WB-RO-8 on order FAEC1DD6AE3146A1982702BAB54ECD32\"}}]"}}, {"model": "admin.logentry", "pk": 85, "fields": {"action_time": "2021-04-27T09:17:49.764Z", "user": 1, "content_type": 17, "object_id": "53", "object_repr": "FAEC1DD6AE3146A1982702BAB54ECD32", "action_flag": 2, "change_message": "[{\"deleted\": {\"name\": \"order line item\", \"object\": \"SKU BC-WB-RO-8 on order FAEC1DD6AE3146A1982702BAB54ECD32\"}}]"}}, {"model": "admin.logentry", "pk": 86, "fields": {"action_time": "2021-04-27T13:38:58.311Z", "user": 1, "content_type": 17, "object_id": "57", "object_repr": "2AD5222C05C94391AEE5FE050054C7C1", "action_flag": 2, "change_message": "[{\"changed\": {\"name\": \"order line item\", \"object\": \"SKU BC-CA-AR-4 on order 2AD5222C05C94391AEE5FE050054C7C1\", \"fields\": [\"Quantity\"]}}]"}}, {"model": "admin.logentry", "pk": 87, "fields": {"action_time": "2021-04-27T13:39:09.570Z", "user": 1, "content_type": 17, "object_id": "57", "object_repr": "2AD5222C05C94391AEE5FE050054C7C1", "action_flag": 2, "change_message": "[{\"changed\": {\"name\": \"order line item\", \"object\": \"SKU BC-CA-AR-4 on order 2AD5222C05C94391AEE5FE050054C7C1\", \"fields\": [\"Quantity\"]}}]"}}, {"model": "admin.logentry", "pk": 88, "fields": {"action_time": "2021-04-27T13:42:19.530Z", "user": 1, "content_type": 17, "object_id": "57", "object_repr": "2AD5222C05C94391AEE5FE050054C7C1", "action_flag": 2, "change_message": "[{\"changed\": {\"name\": \"order line item\", \"object\": \"SKU BC-CA-AR-4 on order 2AD5222C05C94391AEE5FE050054C7C1\", \"fields\": [\"Quantity\"]}}]"}}, {"model": "admin.logentry", "pk": 89, "fields": {"action_time": "2021-04-27T18:51:29.971Z", "user": 1, "content_type": 4, "object_id": "2", "object_repr": "testytest", "action_flag": 2, "change_message": "[{\"changed\": {\"fields\": [\"Username\"]}}]"}}, {"model": "admin.logentry", "pk": 90, "fields": {"action_time": "2021-04-28T01:18:08.458Z", "user": 1, "content_type": 20, "object_id": "1", "object_repr": "Saved List (user1)", "action_flag": 1, "change_message": "[{\"added\": {}}]"}}, {"model": "admin.logentry", "pk": 91, "fields": {"action_time": "2021-04-28T01:24:19.115Z", "user": 1, "content_type": 19, "object_id": "1", "object_repr": "BATCH 2", "action_flag": 1, "change_message": "[{\"added\": {}}]"}}, {"model": "admin.logentry", "pk": 92, "fields": {"action_time": "2021-04-28T02:18:26.335Z", "user": 1, "content_type": 20, "object_id": "1", "object_repr": "Saved List (user1)", "action_flag": 2, "change_message": "[]"}}, {"model": "admin.logentry", "pk": 93, "fields": {"action_time": "2021-04-28T02:20:17.759Z", "user": 1, "content_type": 19, "object_id": "2", "object_repr": "BATCH 1", "action_flag": 1, "change_message": "[{\"added\": {}}]"}}, {"model": "admin.logentry", "pk": 94, "fields": {"action_time": "2021-04-28T13:30:47.754Z", "user": 1, "content_type": 21, "object_id": "1", "object_repr": "user1 commented on Really strong, but really nice! - 2021-04-28 13:30:47.752441+00:00", "action_flag": 1, "change_message": "[{\"added\": {}}]"}}, {"model": "admin.logentry", "pk": 95, "fields": {"action_time": "2021-04-28T16:41:36.030Z", "user": 1, "content_type": 21, "object_id": "14", "object_repr": "user1 commented on Amazing coffee, really good flavours but not for the faint hearted - very strong! - 2021-04-28 16:36:32.382797+00:00", "action_flag": 3, "change_message": ""}}, {"model": "admin.logentry", "pk": 96, "fields": {"action_time": "2021-04-28T16:41:36.064Z", "user": 1, "content_type": 21, "object_id": "13", "object_repr": "tutorman commented on Coffeeeeeeeeee - 2021-04-28 16:36:29.287218+00:00", "action_flag": 3, "change_message": ""}}, {"model": "admin.logentry", "pk": 97, "fields": {"action_time": "2021-04-28T16:41:36.094Z", "user": 1, "content_type": 21, "object_id": "12", "object_repr": "tutorman commented on Coffeeeeeeeeee - 2021-04-28 16:35:02.591211+00:00", "action_flag": 3, "change_message": ""}}, {"model": "admin.logentry", "pk": 98, "fields": {"action_time": "2021-04-28T16:41:36.126Z", "user": 1, "content_type": 21, "object_id": "10", "object_repr": "user1 commented on Amazing coffee, really good flavours but not for the faint hearted - very strong! - 2021-04-28 16:34:42.031889+00:00", "action_flag": 3, "change_message": ""}}, {"model": "admin.logentry", "pk": 99, "fields": {"action_time": "2021-04-28T16:41:36.158Z", "user": 1, "content_type": 21, "object_id": "9", "object_repr": "tutorman commented on Coffeeeeeeeeeeeee - 2021-04-28 16:34:41.438834+00:00", "action_flag": 3, "change_message": ""}}, {"model": "admin.logentry", "pk": 100, "fields": {"action_time": "2021-04-28T16:41:36.184Z", "user": 1, "content_type": 21, "object_id": "8", "object_repr": "tutorman commented on Coffeeeeeeeeeeeee - 2021-04-28 16:34:36.979741+00:00", "action_flag": 3, "change_message": ""}}, {"model": "admin.logentry", "pk": 101, "fields": {"action_time": "2021-04-28T16:41:36.226Z", "user": 1, "content_type": 21, "object_id": "7", "object_repr": "user1 commented on Amazing coffee, really good flavours but not for the faint hearted - very strong! - 2021-04-28 16:34:35.369476+00:00", "action_flag": 3, "change_message": ""}}, {"model": "admin.logentry", "pk": 102, "fields": {"action_time": "2021-04-28T16:41:36.264Z", "user": 1, "content_type": 21, "object_id": "6", "object_repr": "user1 commented on Amazing coffee, really good flavours but not for the faint hearted - very strong! - 2021-04-28 16:33:15.507374+00:00", "action_flag": 3, "change_message": ""}}, {"model": "admin.logentry", "pk": 103, "fields": {"action_time": "2021-04-28T16:41:36.291Z", "user": 1, "content_type": 21, "object_id": "5", "object_repr": "user1 commented on Amazing coffee, really good flavours but not for the faint hearted - very strong! - 2021-04-28 16:32:29.033287+00:00", "action_flag": 3, "change_message": ""}}, {"model": "admin.logentry", "pk": 104, "fields": {"action_time": "2021-04-28T16:41:36.322Z", "user": 1, "content_type": 21, "object_id": "4", "object_repr": "user1 commented on Amazing coffee, really good flavours but not for the faint hearted - very strong! - 2021-04-28 16:30:55.808221+00:00", "action_flag": 3, "change_message": ""}}, {"model": "admin.logentry", "pk": 105, "fields": {"action_time": "2021-04-28T16:41:36.363Z", "user": 1, "content_type": 21, "object_id": "3", "object_repr": "user1 commented on Amazing coffee, really good flavours but not for the faint hearted - very strong! - 2021-04-28 16:30:39.436223+00:00", "action_flag": 3, "change_message": ""}}, {"model": "admin.logentry", "pk": 106, "fields": {"action_time": "2021-04-28T16:42:45.134Z", "user": 1, "content_type": 21, "object_id": "19", "object_repr": "user1 commented on Amazing coffee, really good flavours but not for the faint hearted - very strong! - 2021-04-28 16:41:51.105363+00:00", "action_flag": 3, "change_message": ""}}, {"model": "admin.logentry", "pk": 107, "fields": {"action_time": "2021-04-28T16:42:45.168Z", "user": 1, "content_type": 21, "object_id": "18", "object_repr": "user1 commented on Amazing coffee, really good flavours but not for the faint hearted - very strong! - 2021-04-28 16:41:46.099284+00:00", "action_flag": 3, "change_message": ""}}, {"model": "admin.logentry", "pk": 108, "fields": {"action_time": "2021-04-28T16:42:45.194Z", "user": 1, "content_type": 21, "object_id": "17", "object_repr": "user1 commented on Amazing coffee, really good flavours but not for the faint hearted - very strong! - 2021-04-28 16:41:39.397668+00:00", "action_flag": 3, "change_message": ""}}, {"model": "admin.logentry", "pk": 109, "fields": {"action_time": "2021-04-28T16:42:45.219Z", "user": 1, "content_type": 21, "object_id": "16", "object_repr": "user1 commented on Amazing coffee, really good flavours but not for the faint hearted - very strong! - 2021-04-28 16:41:11.847740+00:00", "action_flag": 3, "change_message": ""}}, {"model": "admin.logentry", "pk": 110, "fields": {"action_time": "2021-04-28T16:42:45.256Z", "user": 1, "content_type": 21, "object_id": "15", "object_repr": "tutorman commented on Coffeeeeeeeeeeeee - 2021-04-28 16:37:51.508454+00:00", "action_flag": 3, "change_message": ""}}, {"model": "admin.logentry", "pk": 111, "fields": {"action_time": "2021-04-28T16:44:13.599Z", "user": 1, "content_type": 21, "object_id": "20", "object_repr": "user1 commented on Amazing coffee, really good flavours but not for the faint hearted - very strong! - 2021-04-28 16:43:06.587268+00:00", "action_flag": 3, "change_message": ""}}, {"model": "admin.logentry", "pk": 112, "fields": {"action_time": "2021-04-28T16:44:20.950Z", "user": 1, "content_type": 21, "object_id": "11", "object_repr": "tutorman commented on Coffeeeeeeeeeeeee - 2021-04-28 16:34:46.682591+00:00", "action_flag": 2, "change_message": "[]"}}, {"model": "admin.logentry", "pk": 113, "fields": {"action_time": "2021-04-28T17:08:57.509Z", "user": 1, "content_type": 21, "object_id": "37", "object_repr": "user1 commented on Test 2 - 2021-04-28 17:08:16.268476+00:00", "action_flag": 3, "change_message": ""}}, {"model": "admin.logentry", "pk": 114, "fields": {"action_time": "2021-04-28T17:08:57.553Z", "user": 1, "content_type": 21, "object_id": "36", "object_repr": "user1 commented on Test 2 - 2021-04-28 17:05:58.890570+00:00", "action_flag": 3, "change_message": ""}}, {"model": "admin.logentry", "pk": 115, "fields": {"action_time": "2021-04-28T17:08:57.600Z", "user": 1, "content_type": 21, "object_id": "35", "object_repr": "user1 commented on Test 2 - 2021-04-28 17:05:54.027031+00:00", "action_flag": 3, "change_message": ""}}, {"model": "admin.logentry", "pk": 116, "fields": {"action_time": "2021-04-28T17:08:57.642Z", "user": 1, "content_type": 21, "object_id": "34", "object_repr": "user1 commented on Test 2 - 2021-04-28 17:05:50.533452+00:00", "action_flag": 3, "change_message": ""}}, {"model": "admin.logentry", "pk": 117, "fields": {"action_time": "2021-04-28T17:08:57.669Z", "user": 1, "content_type": 21, "object_id": "33", "object_repr": "user1 commented on Test 2 - 2021-04-28 17:04:21.561828+00:00", "action_flag": 3, "change_message": ""}}, {"model": "admin.logentry", "pk": 118, "fields": {"action_time": "2021-04-28T17:08:57.702Z", "user": 1, "content_type": 21, "object_id": "32", "object_repr": "user1 commented on Test 1 - 2021-04-28 17:04:13.389847+00:00", "action_flag": 3, "change_message": ""}}, {"model": "admin.logentry", "pk": 119, "fields": {"action_time": "2021-04-28T17:08:57.739Z", "user": 1, "content_type": 21, "object_id": "31", "object_repr": "tutorman commented on Testy - 2021-04-28 16:58:35.429594+00:00", "action_flag": 3, "change_message": ""}}, {"model": "admin.logentry", "pk": 120, "fields": {"action_time": "2021-04-28T17:08:57.763Z", "user": 1, "content_type": 21, "object_id": "30", "object_repr": "tutorman commented on Testy - 2021-04-28 16:58:28.725011+00:00", "action_flag": 3, "change_message": ""}}, {"model": "admin.logentry", "pk": 121, "fields": {"action_time": "2021-04-28T17:08:57.800Z", "user": 1, "content_type": 21, "object_id": "29", "object_repr": "tutorman commented on Testy - 2021-04-28 16:58:01.348153+00:00", "action_flag": 3, "change_message": ""}}, {"model": "admin.logentry", "pk": 122, "fields": {"action_time": "2021-04-28T17:08:57.827Z", "user": 1, "content_type": 21, "object_id": "28", "object_repr": "user1 commented on Test 1 - 2021-04-28 16:56:03.996674+00:00", "action_flag": 3, "change_message": ""}}, {"model": "admin.logentry", "pk": 123, "fields": {"action_time": "2021-04-28T17:08:57.851Z", "user": 1, "content_type": 21, "object_id": "27", "object_repr": "user1 commented on Test test test test - 2021-04-28 16:54:09.703675+00:00", "action_flag": 3, "change_message": ""}}, {"model": "admin.logentry", "pk": 124, "fields": {"action_time": "2021-04-28T17:08:57.875Z", "user": 1, "content_type": 21, "object_id": "26", "object_repr": "tutorman commented on Now it doesn't post twice. - 2021-04-28 16:50:21.839785+00:00", "action_flag": 3, "change_message": ""}}, {"model": "admin.logentry", "pk": 125, "fields": {"action_time": "2021-04-28T17:08:57.899Z", "user": 1, "content_type": 21, "object_id": "25", "object_repr": "tutorman commented on Yeah, it's coffee. - 2021-04-28 16:49:23.682328+00:00", "action_flag": 3, "change_message": ""}}, {"model": "admin.logentry", "pk": 126, "fields": {"action_time": "2021-04-28T17:08:57.923Z", "user": 1, "content_type": 21, "object_id": "24", "object_repr": "user1 commented on Test test test test - 2021-04-28 16:47:24.929720+00:00", "action_flag": 3, "change_message": ""}}, {"model": "admin.logentry", "pk": 127, "fields": {"action_time": "2021-04-28T17:08:57.947Z", "user": 1, "content_type": 21, "object_id": "23", "object_repr": "user1 commented on Test test test test - 2021-04-28 16:46:57.987343+00:00", "action_flag": 3, "change_message": ""}}, {"model": "admin.logentry", "pk": 128, "fields": {"action_time": "2021-04-28T17:08:57.971Z", "user": 1, "content_type": 21, "object_id": "22", "object_repr": "user1 commented on Test test test test - 2021-04-28 16:44:34.532124+00:00", "action_flag": 3, "change_message": ""}}, {"model": "admin.logentry", "pk": 129, "fields": {"action_time": "2021-04-28T17:08:57.996Z", "user": 1, "content_type": 21, "object_id": "21", "object_repr": "user1 commented on Test test test test - 2021-04-28 16:43:47.328527+00:00", "action_flag": 3, "change_message": ""}}, {"model": "admin.logentry", "pk": 130, "fields": {"action_time": "2021-04-28T17:10:56.378Z", "user": 1, "content_type": 21, "object_id": "39", "object_repr": "user1 commented on Test 2 - 2021-04-28 17:09:10.225605+00:00", "action_flag": 3, "change_message": ""}}, {"model": "admin.logentry", "pk": 131, "fields": {"action_time": "2021-04-28T17:10:56.409Z", "user": 1, "content_type": 21, "object_id": "38", "object_repr": "user1 commented on Test 2 - 2021-04-28 17:09:04.636806+00:00", "action_flag": 3, "change_message": ""}}, {"model": "admin.logentry", "pk": 132, "fields": {"action_time": "2021-04-28T18:30:40.174Z", "user": 1, "content_type": 21, "object_id": "57", "object_repr": "user1 commented on test - 2021-04-28 18:24:30.751303+00:00", "action_flag": 3, "change_message": ""}}, {"model": "admin.logentry", "pk": 133, "fields": {"action_time": "2021-04-28T18:30:40.206Z", "user": 1, "content_type": 21, "object_id": "56", "object_repr": "user1 commented on test - 2021-04-28 18:24:25.013184+00:00", "action_flag": 3, "change_message": ""}}, {"model": "admin.logentry", "pk": 134, "fields": {"action_time": "2021-04-28T18:30:40.231Z", "user": 1, "content_type": 21, "object_id": "55", "object_repr": "user1 commented on test - 2021-04-28 18:24:22.164226+00:00", "action_flag": 3, "change_message": ""}}, {"model": "admin.logentry", "pk": 135, "fields": {"action_time": "2021-04-28T18:30:40.254Z", "user": 1, "content_type": 21, "object_id": "53", "object_repr": "user1 commented on test..... - 2021-04-28 18:21:00.840844+00:00", "action_flag": 3, "change_message": ""}}, {"model": "admin.logentry", "pk": 136, "fields": {"action_time": "2021-04-28T18:30:40.279Z", "user": 1, "content_type": 21, "object_id": "52", "object_repr": "user1 commented on test..... - 2021-04-28 18:13:31.824346+00:00", "action_flag": 3, "change_message": ""}}, {"model": "admin.logentry", "pk": 137, "fields": {"action_time": "2021-04-28T18:30:40.303Z", "user": 1, "content_type": 21, "object_id": "51", "object_repr": "user1 commented on test..... - 2021-04-28 18:13:27.918673+00:00", "action_flag": 3, "change_message": ""}}, {"model": "admin.logentry", "pk": 138, "fields": {"action_time": "2021-04-28T18:30:40.327Z", "user": 1, "content_type": 21, "object_id": "50", "object_repr": "user1 commented on testy test - 2021-04-28 18:10:02.170157+00:00", "action_flag": 3, "change_message": ""}}, {"model": "admin.logentry", "pk": 139, "fields": {"action_time": "2021-04-28T18:30:40.352Z", "user": 1, "content_type": 21, "object_id": "49", "object_repr": "user1 commented on testy test - 2021-04-28 18:09:58.188203+00:00", "action_flag": 3, "change_message": ""}}, {"model": "admin.logentry", "pk": 140, "fields": {"action_time": "2021-04-28T18:30:40.376Z", "user": 1, "content_type": 21, "object_id": "48", "object_repr": "user1 commented on TEST - 2021-04-28 17:29:36.786067+00:00", "action_flag": 3, "change_message": ""}}, {"model": "admin.logentry", "pk": 141, "fields": {"action_time": "2021-04-28T18:30:40.402Z", "user": 1, "content_type": 21, "object_id": "47", "object_repr": "user1 commented on TEST - 2021-04-28 17:29:23.256714+00:00", "action_flag": 3, "change_message": ""}}, {"model": "admin.logentry", "pk": 142, "fields": {"action_time": "2021-04-28T18:30:40.437Z", "user": 1, "content_type": 21, "object_id": "46", "object_repr": "user1 commented on TEST - 2021-04-28 17:29:19.564254+00:00", "action_flag": 3, "change_message": ""}}, {"model": "admin.logentry", "pk": 143, "fields": {"action_time": "2021-04-28T18:30:40.461Z", "user": 1, "content_type": 21, "object_id": "45", "object_repr": "user1 commented on TEST - 2021-04-28 17:26:40.349549+00:00", "action_flag": 3, "change_message": ""}}, {"model": "admin.logentry", "pk": 144, "fields": {"action_time": "2021-04-28T18:30:40.485Z", "user": 1, "content_type": 21, "object_id": "44", "object_repr": "user1 commented on TEST - 2021-04-28 17:26:36.076230+00:00", "action_flag": 3, "change_message": ""}}, {"model": "admin.logentry", "pk": 145, "fields": {"action_time": "2021-04-28T18:30:40.509Z", "user": 1, "content_type": 21, "object_id": "43", "object_repr": "user1 commented on Test - 2021-04-28 17:26:27.156435+00:00", "action_flag": 3, "change_message": ""}}, {"model": "admin.logentry", "pk": 146, "fields": {"action_time": "2021-04-28T18:30:40.532Z", "user": 1, "content_type": 21, "object_id": "42", "object_repr": "user1 commented on Test - 2021-04-28 17:12:35.960130+00:00", "action_flag": 3, "change_message": ""}}, {"model": "admin.logentry", "pk": 147, "fields": {"action_time": "2021-04-28T18:30:40.555Z", "user": 1, "content_type": 21, "object_id": "41", "object_repr": "user1 commented on Test - 2021-04-28 17:12:34.051093+00:00", "action_flag": 3, "change_message": ""}}, {"model": "admin.logentry", "pk": 148, "fields": {"action_time": "2021-04-28T18:30:40.591Z", "user": 1, "content_type": 21, "object_id": "40", "object_repr": "user1 commented on Test - 2021-04-28 17:12:30.339824+00:00", "action_flag": 3, "change_message": ""}}, {"model": "admin.logentry", "pk": 149, "fields": {"action_time": "2021-04-28T18:48:57.189Z", "user": 1, "content_type": 21, "object_id": "68", "object_repr": "user1 commented on test..... - 2021-04-28 18:42:28.227064+00:00", "action_flag": 3, "change_message": ""}}, {"model": "admin.logentry", "pk": 150, "fields": {"action_time": "2021-04-28T18:48:57.217Z", "user": 1, "content_type": 21, "object_id": "67", "object_repr": "user1 commented on test..... - 2021-04-28 18:42:25.506367+00:00", "action_flag": 3, "change_message": ""}}, {"model": "admin.logentry", "pk": 151, "fields": {"action_time": "2021-04-28T18:48:57.240Z", "user": 1, "content_type": 21, "object_id": "66", "object_repr": "user1 commented on test..... - 2021-04-28 18:42:06.385389+00:00", "action_flag": 3, "change_message": ""}}, {"model": "admin.logentry", "pk": 152, "fields": {"action_time": "2021-04-28T18:48:57.262Z", "user": 1, "content_type": 21, "object_id": "65", "object_repr": "user1 commented on test - 2021-04-28 18:40:47.209634+00:00", "action_flag": 3, "change_message": ""}}, {"model": "admin.logentry", "pk": 153, "fields": {"action_time": "2021-04-28T18:48:57.286Z", "user": 1, "content_type": 21, "object_id": "64", "object_repr": "user1 commented on test..... - 2021-04-28 18:40:40.060438+00:00", "action_flag": 3, "change_message": ""}}, {"model": "admin.logentry", "pk": 154, "fields": {"action_time": "2021-04-28T18:48:57.318Z", "user": 1, "content_type": 21, "object_id": "63", "object_repr": "user1 commented on test..... - 2021-04-28 18:40:35.096146+00:00", "action_flag": 3, "change_message": ""}}, {"model": "admin.logentry", "pk": 155, "fields": {"action_time": "2021-04-28T18:48:57.363Z", "user": 1, "content_type": 21, "object_id": "62", "object_repr": "user1 commented on test..... - 2021-04-28 18:39:52.084443+00:00", "action_flag": 3, "change_message": ""}}, {"model": "admin.logentry", "pk": 156, "fields": {"action_time": "2021-04-28T18:48:57.395Z", "user": 1, "content_type": 21, "object_id": "61", "object_repr": "user1 commented on test..... - 2021-04-28 18:39:49.764470+00:00", "action_flag": 3, "change_message": ""}}, {"model": "admin.logentry", "pk": 157, "fields": {"action_time": "2021-04-28T18:48:57.436Z", "user": 1, "content_type": 21, "object_id": "60", "object_repr": "user1 commented on test..... - 2021-04-28 18:39:46.328056+00:00", "action_flag": 3, "change_message": ""}}, {"model": "admin.logentry", "pk": 158, "fields": {"action_time": "2021-04-28T18:48:57.490Z", "user": 1, "content_type": 21, "object_id": "59", "object_repr": "user1 commented on test - 2021-04-28 18:38:44.043502+00:00", "action_flag": 3, "change_message": ""}}, {"model": "admin.logentry", "pk": 159, "fields": {"action_time": "2021-04-28T18:48:57.533Z", "user": 1, "content_type": 21, "object_id": "58", "object_repr": "user1 commented on test..... - 2021-04-28 18:38:09.564160+00:00", "action_flag": 3, "change_message": ""}}, {"model": "admin.logentry", "pk": 160, "fields": {"action_time": "2021-04-28T18:49:19.047Z", "user": 1, "content_type": 21, "object_id": "73", "object_repr": "user1 commented on test..... - 2021-04-28 18:48:32.135396+00:00", "action_flag": 3, "change_message": ""}}, {"model": "admin.logentry", "pk": 161, "fields": {"action_time": "2021-04-28T18:49:19.092Z", "user": 1, "content_type": 21, "object_id": "72", "object_repr": "user1 commented on test..... - 2021-04-28 18:43:50.997237+00:00", "action_flag": 3, "change_message": ""}}, {"model": "admin.logentry", "pk": 162, "fields": {"action_time": "2021-04-28T18:49:19.117Z", "user": 1, "content_type": 21, "object_id": "71", "object_repr": "user1 commented on test..... - 2021-04-28 18:43:47.371986+00:00", "action_flag": 3, "change_message": ""}}, {"model": "admin.logentry", "pk": 163, "fields": {"action_time": "2021-04-28T18:49:19.143Z", "user": 1, "content_type": 21, "object_id": "70", "object_repr": "user1 commented on test..... - 2021-04-28 18:43:43.653243+00:00", "action_flag": 3, "change_message": ""}}, {"model": "admin.logentry", "pk": 164, "fields": {"action_time": "2021-04-28T18:49:19.171Z", "user": 1, "content_type": 21, "object_id": "69", "object_repr": "user1 commented on test..... - 2021-04-28 18:43:38.478053+00:00", "action_flag": 3, "change_message": ""}}, {"model": "admin.logentry", "pk": 165, "fields": {"action_time": "2021-04-28T18:49:27.084Z", "user": 1, "content_type": 21, "object_id": "75", "object_repr": "user1 commented on test..... - 2021-04-28 18:49:04.750939+00:00", "action_flag": 3, "change_message": ""}}, {"model": "admin.logentry", "pk": 166, "fields": {"action_time": "2021-04-28T18:49:27.137Z", "user": 1, "content_type": 21, "object_id": "74", "object_repr": "user1 commented on test..... - 2021-04-28 18:49:00.828561+00:00", "action_flag": 3, "change_message": ""}}, {"model": "admin.logentry", "pk": 167, "fields": {"action_time": "2021-04-28T18:49:54.768Z", "user": 1, "content_type": 21, "object_id": "77", "object_repr": "user1 commented on test - 2021-04-28 18:49:41.726321+00:00", "action_flag": 3, "change_message": ""}}, {"model": "admin.logentry", "pk": 168, "fields": {"action_time": "2021-04-28T18:49:54.797Z", "user": 1, "content_type": 21, "object_id": "76", "object_repr": "user1 commented on test - 2021-04-28 18:49:32.913971+00:00", "action_flag": 3, "change_message": ""}}, {"model": "admin.logentry", "pk": 169, "fields": {"action_time": "2021-04-28T19:15:24.558Z", "user": 1, "content_type": 21, "object_id": "88", "object_repr": "user1 commented on test123 - 2021-04-28 19:15:00.957465+00:00", "action_flag": 3, "change_message": ""}}, {"model": "admin.logentry", "pk": 170, "fields": {"action_time": "2021-04-28T19:15:24.584Z", "user": 1, "content_type": 21, "object_id": "87", "object_repr": "user1 commented on test123 - 2021-04-28 19:14:17.042574+00:00", "action_flag": 3, "change_message": ""}}, {"model": "admin.logentry", "pk": 171, "fields": {"action_time": "2021-04-28T19:15:24.613Z", "user": 1, "content_type": 21, "object_id": "86", "object_repr": "user1 commented on test 34567 - 2021-04-28 19:04:34.486103+00:00", "action_flag": 3, "change_message": ""}}, {"model": "admin.logentry", "pk": 172, "fields": {"action_time": "2021-04-28T19:15:24.638Z", "user": 1, "content_type": 21, "object_id": "85", "object_repr": "user1 commented on test 34567 - 2021-04-28 19:01:41.315773+00:00", "action_flag": 3, "change_message": ""}}, {"model": "admin.logentry", "pk": 173, "fields": {"action_time": "2021-04-28T19:15:24.668Z", "user": 1, "content_type": 21, "object_id": "84", "object_repr": "user1 commented on test 345 - 2021-04-28 19:00:34.852179+00:00", "action_flag": 3, "change_message": ""}}, {"model": "admin.logentry", "pk": 174, "fields": {"action_time": "2021-04-28T19:15:24.692Z", "user": 1, "content_type": 21, "object_id": "83", "object_repr": "user1 commented on test123 - 2021-04-28 18:59:31.439771+00:00", "action_flag": 3, "change_message": ""}}, {"model": "admin.logentry", "pk": 175, "fields": {"action_time": "2021-04-28T19:15:24.714Z", "user": 1, "content_type": 21, "object_id": "82", "object_repr": "user1 commented on test - 2021-04-28 18:59:02.574606+00:00", "action_flag": 3, "change_message": ""}}, {"model": "admin.logentry", "pk": 176, "fields": {"action_time": "2021-04-28T19:15:24.748Z", "user": 1, "content_type": 21, "object_id": "81", "object_repr": "user1 commented on test - 2021-04-28 18:58:16.174226+00:00", "action_flag": 3, "change_message": ""}}, {"model": "admin.logentry", "pk": 177, "fields": {"action_time": "2021-04-28T19:15:41.245Z", "user": 1, "content_type": 21, "object_id": "80", "object_repr": "user1 commented on Decaf, but you wouldn't guess, tastes amazing - 2021-04-28 18:55:48.029360+00:00", "action_flag": 3, "change_message": ""}}, {"model": "admin.logentry", "pk": 178, "fields": {"action_time": "2021-04-28T19:15:41.293Z", "user": 1, "content_type": 21, "object_id": "79", "object_repr": "user1 commented on Decaf, but you wouldn't guess, tastes amazing - 2021-04-28 18:54:26.775558+00:00", "action_flag": 3, "change_message": ""}}, {"model": "admin.logentry", "pk": 179, "fields": {"action_time": "2021-04-28T19:15:41.326Z", "user": 1, "content_type": 21, "object_id": "78", "object_repr": "user1 commented on test - 2021-04-28 18:50:02.265983+00:00", "action_flag": 3, "change_message": ""}}, {"model": "admin.logentry", "pk": 180, "fields": {"action_time": "2021-04-28T19:15:41.358Z", "user": 1, "content_type": 21, "object_id": "54", "object_repr": "test-account commented on test from alan - 2021-04-28 18:21:36.602694+00:00", "action_flag": 3, "change_message": ""}}, {"model": "admin.logentry", "pk": 181, "fields": {"action_time": "2021-04-28T19:15:41.390Z", "user": 1, "content_type": 21, "object_id": "11", "object_repr": "tutorman commented on Coffeeeeeeeeeeeee - 2021-04-28 16:34:46.682591+00:00", "action_flag": 3, "change_message": ""}}, {"model": "admin.logentry", "pk": 182, "fields": {"action_time": "2021-04-28T19:15:41.422Z", "user": 1, "content_type": 21, "object_id": "1", "object_repr": "user1 commented on Really strong, but really nice! - 2021-04-28 13:30:47.752441+00:00", "action_flag": 3, "change_message": ""}}, {"model": "admin.logentry", "pk": 183, "fields": {"action_time": "2021-04-28T19:16:48.015Z", "user": 1, "content_type": 21, "object_id": "90", "object_repr": "user1 commented on Great! - 2021-04-28 19:16:35.850738+00:00", "action_flag": 3, "change_message": ""}}, {"model": "admin.logentry", "pk": 184, "fields": {"action_time": "2021-04-28T23:48:21.298Z", "user": 1, "content_type": 14, "object_id": "12", "object_repr": "TEST BATCH 1", "action_flag": 3, "change_message": ""}}, {"model": "admin.logentry", "pk": 185, "fields": {"action_time": "2021-04-28T23:48:21.336Z", "user": 1, "content_type": 14, "object_id": "11", "object_repr": "TEST BATCH", "action_flag": 3, "change_message": ""}}, {"model": "auth.user", "pk": 1, "fields": {"password": "pbkdf2_sha256$260000$gzkutjledRboA4LYCru1CH$QS6kXeIIoz4dpmdFk4wK0kKjink5TRwPdDk25BhxTTs=", "last_login": "2021-04-28T18:13:09.269Z", "is_superuser": true, "username": "user1", "first_name": "", "last_name": "", "email": "fayskerritt1@gmail.com", "is_staff": true, "is_active": true, "date_joined": "2021-04-19T16:19:44.969Z", "groups": [], "user_permissions": []}}, {"model": "auth.user", "pk": 2, "fields": {"password": "pbkdf2_sha256$260000$csgdgRzDBWNl9ZPW9Z1KZu$bzMc1IBz46DPIYEoOjWCkGR/9ik/XqAp6/+gIjYtbgQ=", "last_login": "2021-04-27T21:30:11.994Z", "is_superuser": false, "username": "testytest", "first_name": "", "last_name": "", "email": "test@test.com", "is_staff": false, "is_active": true, "date_joined": "2021-04-27T18:43:19Z", "groups": [], "user_permissions": []}}, {"model": "auth.user", "pk": 3, "fields": {"password": "pbkdf2_sha256$260000$mvVth5shG9Rxysv6JfEUa8$6Q2/yZuLlgXoywBhGEkfy6Z119gzlyZEknDXPh+PCU8=", "last_login": null, "is_superuser": false, "username": "tutor", "first_name": "", "last_name": "", "email": "tutor@ci.net", "is_staff": false, "is_active": true, "date_joined": "2021-04-28T16:12:30.868Z", "groups": [], "user_permissions": []}}, {"model": "auth.user", "pk": 4, "fields": {"password": "pbkdf2_sha256$260000$OphfssMoyngVbwf8SxoxbL$9ZapDfi76cAF6Rvz/Ip9NrdFEm/QFyZMl9j7hB8uyEA=", "last_login": "2021-04-28T16:13:19.429Z", "is_superuser": true, "username": "tutorman", "first_name": "", "last_name": "", "email": "tutorman@ci.net", "is_staff": true, "is_active": true, "date_joined": "2021-04-28T16:13:03.707Z", "groups": [], "user_permissions": []}}, {"model": "auth.user", "pk": 5, "fields": {"password": "pbkdf2_sha256$260000$HLKlrz859tDqfiEyFtUb0s$fPeZb0d7Yx6VPYv6Gy0xlzf1MYOFHRlWlWT22cWByGU=", "last_login": "2021-04-28T18:21:08.028Z", "is_superuser": false, "username": "test-account", "first_name": "", "last_name": "", "email": "test123@123.com", "is_staff": false, "is_active": true, "date_joined": "2021-04-28T18:06:11.611Z", "groups": [], "user_permissions": []}}, {"model": "sessions.session", "pk": "0cel476dnno9hld9te74mffkpektqh5c", "fields": {"session_data": ".eJxVjEEOwiAQAP_CuWmgdCl49O4byLJQiyIkbfFi_LvWNCa9zkzmxZCo1LzaZ5jjGIO34YExsVOuKTV_W5cwsxOTrGEW6zr9gI3-y_ojc0j3kDfhb5ivpaWS1zm6dkva3S7tpfiQznt7GEy4TNuW97KTHJTznAMMmgvlFImegyNvBjLCoDPdqAWAdkEhCSWgI63Bo5Ls_QE7pEg8:1lbmoR:3NyA7wmxvKF-7zvWM8zgbgACf_vbwLuf3wCIgaLbM8I", "expire_date": "2021-05-12T16:13:19.553Z"}}, {"model": "sessions.session", "pk": "1ijqy2ld3ov5yc2w52dvo4yue3i2an6q", "fields": {"session_data": "e30:1lbRNA:gxqWP3GGdl00aDMPSgqMu5zi1YEhV9escPlu5Jt4REE", "expire_date": "2021-05-11T17:19:44.637Z"}}, {"model": "sessions.session", "pk": "4awvarl2rirvazs6aqzjjtrcgpn5e6mu", "fields": {"session_data": "eyJiYWciOnsiMyI6MywiMTAiOjd9fQ:1lZVA0:0X-X-cXvqYhoFFvMAsjgnwnkv2l_nIR8PD6xO3xefEQ", "expire_date": "2021-05-06T08:58:08.066Z"}}, {"model": "sessions.session", "pk": "4mucxek21fr0sa1c6w5tgh350q0hzkb3", "fields": {"session_data": "eyJiYWciOnsiMyI6OX19:1lZVCG:zqTh1goFwD6G8_HAlEmK22rlJE7OFlCFiUC74TfWrhc", "expire_date": "2021-05-06T09:00:28.445Z"}}, {"model": "sessions.session", "pk": "4rzemk3k7bvgwj2ogxb70fys9jolsqvp", "fields": {"session_data": ".eJxVjr0OwyAQg9_l5ghBKBAYu_cZ0AGXn7YCKSRdorx7EylDO9r-bHkDj-sy-rXS7KcEDgQ0v17A-KJ8BumJeSgslrzMU2Anwq60skdJ9L5f7N_AiHU82lZaw4lIpshF0D1P4tAphlbbm2o7zVtjIiatLdcJg1FISlEnpUS04XxV8UN-yn0Bt8wrNRBwALeBBif2_QtDuEGk:1lbJV5:q7_5D4Gw9q_sjGUsEmqpx5PguhoEvlfxHraAvWs-chk", "expire_date": "2021-05-11T08:55:23.316Z"}}, {"model": "sessions.session", "pk": "79tk85ah9qzhmi1loj58mthqoojw5ssj", "fields": {"session_data": "eyJfc2Vzc2lvbl9leHBpcnkiOjB9:1lbRYp:YcyPUyEcyBvuJnGrWL7RFC7m5T7rUphkNHYB1HQnGVQ", "expire_date": "2021-05-11T17:31:47.307Z"}}, {"model": "sessions.session", "pk": "bgh0ii57p3e8vyy9xzxo53ifdpbqgo06", "fields": {"session_data": "eyJiYWciOnsiNiI6MiwiMSI6MywiMTAiOjV9fQ:1lZbII:n1AAzMGphTq730Mfklb48K37fsP1hEvjRHF3vbpPgug", "expire_date": "2021-05-06T15:31:06.223Z"}}, {"model": "sessions.session", "pk": "d45hyp3eizd5sjjq5fsh86vdii9mvxdl", "fields": {"session_data": "eyJiYWciOnsiMiI6Mn19:1lb4Cx:wC1xZ0gUOwZKNzUP2UjzRoskohcmIuINVJk9D48OirY", "expire_date": "2021-05-10T16:35:39.720Z"}}, {"model": "sessions.session", "pk": "e2587flhvx4p8ixhi6hczijyhsle57eq", "fields": {"session_data": "eyJiYWciOnsiMiI6MiwiMSI6MX19:1lb10l:Vc_C57jxf-A-pqBPxkFcXTS0NCidy_Kgn3i5gNKOmvk", "expire_date": "2021-05-10T13:10:51.568Z"}}, {"model": "sessions.session", "pk": "garyhxm2gm8zaqgslio7tt4k7q0p9l64", "fields": {"session_data": "e30:1lbRRO:G9t3mB58bJrGjFqtQkRw9HacyLPA2McVGOZJUeYqeEw", "expire_date": "2021-05-11T17:24:06.103Z"}}, {"model": "sessions.session", "pk": "hb8khsyd0uwqrl08bo7qz7x625f1t8aw", "fields": {"session_data": ".eJxVjEEKwjAQAP-Ss4Q2zbaxR---IWx2tzYqiTQtKOLfJdCDXmeGeSuP2zr7rcjiI6tRgTr8soB0k1QFXzFdsqac1iUGXRO926LPmeV-2tu_wYxlrlvoiGgQQefgaNgKGjfAAJYcTEGCndreWNe1oTGEBqzFjoGBmHqabJ0WKSXm5OX5iMtLjc3nC5rLP3Y:1lboo8:eIqeiBujIrEtOeeXGnz325W6i-vQ2I67Zd3BP8KOwl0", "expire_date": "2021-05-12T18:21:08.214Z"}}, {"model": "sessions.session", "pk": "iv0mwry4ojd17nuymweej8twbl9j4pcj", "fields": {"session_data": ".eJxVjkEOwiAURO_C2hAoAqVL956BfPhfixow0CYa491tTRe6nJk3k3kxD_M0-rlR9QnZwCTb_XoB4pXyGuAF8rnwWPJUU-Arwre08WNBuh029m9ghDYubaecFUSkMAoZzEmgXDTG0Bm3111vRGdtBDTGCYMQrAbSmnqlFIAL31eNWksle3rcU32yQbw_h1Q_DA:1lbobP:QKfZwabwsFAuUGiOBaFGQZwlKcGM4GLhHlwmVExYJQM", "expire_date": "2021-05-12T18:07:59.103Z"}}, {"model": "sessions.session", "pk": "pl787dbjkxowtwq1oagvgrs3blf5nfib", "fields": {"session_data": ".eJxVjkEOwiAURO_CuiG0CJQu3XsG8uH_WtSAgdZojHe3NS50OTNvJvNkDpZ5ckul4iKygbWs-fU8hDOlLcATpGPmIae5RM83hH_Tyg8Z6bL_sn8DE9RpbVtpjSAiiUG0Xo8C21Vj8J22O9X1WnTGBECtrdAI3iggpaiXUgJY_3lVqdaYk6P7NZYHG0TDKtzIxTRmNsxlodcb6a1FMA:1lbuyO:o_vqiFvLYcwwLrlXebBCB1_Sng1Ac78UI4-90CHv3T8", "expire_date": "2021-05-13T00:56:08.664Z"}}, {"model": "sessions.session", "pk": "vnso3jsos9zsz6plm7sf2uy816crva7l", "fields": {"session_data": "eyJzYXZlX2luZm8iOmZhbHNlLCJfc2Vzc2lvbl9leHBpcnkiOjB9:1lbRM2:L_qoa0C6Y5br468xq6puKFwqi32BAVFlOlCbtdw0lWM", "expire_date": "2021-05-11T17:18:34.336Z"}}, {"model": "sessions.session", "pk": "xnv87jsh29fpp54rq8p3zu0ss4s9jifj", "fields": {"session_data": "e30:1lbRMI:EeKpIU73iT7zk6mf_2iswGG-3kLkEHL4QwLYiZrftrc", "expire_date": "2021-05-11T17:18:50.423Z"}}, {"model": "sessions.session", "pk": "xpkyr10cukfbbo29j6vh7yipgbnd9cfj", "fields": {"session_data": ".eJxVjr0OgzAMhN_FM4oSQhySsXufATmxC7QVSPxMiHcvVAztYuvuO5-8QUPr0jXrLFPTM0QwUPx6ifJLhhPwk4Z2VHkclqlP6oyoi87qPrK8b1f2r6CjuTuugw1ei4jlrE3Ch2ZzaM6pxFC5skZdep-JEYNGpuQdiXNSW2uJQjq_StRC3MBCNAVU34kQsQCjIVbHgmj3_QP_fj_v:1lZJoC:Oc-Ol_kCwnQ7K2n4CVSIu7CqTf99lTnf2mQ1jnjWad0", "expire_date": "2021-05-05T20:50:52.773Z"}}, {"model": "sites.site", "pk": 1, "fields": {"domain": "example.com", "name": "example.com"}}, {"model": "account.emailaddress", "pk": 1, "fields": {"user": 1, "email": "fayskerritt1@gmail.com", "verified": true, "primary": true}}, {"model": "account.emailaddress", "pk": 2, "fields": {"user": 2, "email": "test@test.com", "verified": true, "primary": true}}, {"model": "account.emailaddress", "pk": 3, "fields": {"user": 3, "email": "tutor@ci.net", "verified": false, "primary": true}}, {"model": "account.emailaddress", "pk": 4, "fields": {"user": 5, "email": "test123@123.com", "verified": true, "primary": true}}, {"model": "products.category", "pk": 1, "fields": {"name": "whole_bean", "display_name": "Whole Bean"}}, {"model": "products.category", "pk": 2, "fields": {"name": "cafetiere", "display_name": "Cafetire Grind"}}, {"model": "products.category", "pk": 3, "fields": {"name": "filter", "display_name": "Filter Grind"}}, {"model": "products.category", "pk": 4, "fields": {"name": "espresso", "display_name": "Espresso Grind"}}, {"model": "products.variety", "pk": 1, "fields": {"name": "robusta", "display_name": "Robusta"}}, {"model": "products.variety", "pk": 2, "fields": {"name": "arabica", "display_name": "Arabica"}}, {"model": "products.variety", "pk": 3, "fields": {"name": "liberica", "display_name": "Liberica"}}, {"model": "products.product", "pk": 1, "fields": {"category": 1, "variety": 1, "sku": "BC-WB-RO-8", "name": "BATCH 2", "description": "Rich and intense body with complex notes of honeycomb, dark chocolate and delicate lime acidity. From the Lam Dong province of Vietnam where the terrain is largely what is locally called Bazan Red land (red basalt soil) and offers the perfect conditions for growing coffee. This rich volcanic mountain soil, coupled with the highland elevations contributes to slow, even development of the coffee cherry and, ultimately, to a sweeter, better cup of coffee.", "bag_size": "250g", "region": "Lam Dong, Vietnam", "altitude": "1000-1600 meters", "strength": "8", "price": "8.00", "image": "batch2.png", "image_url": null}}, {"model": "products.product", "pk": 2, "fields": {"category": 2, "variety": 1, "sku": "BC-CA-RO-5", "name": "BATCH 12 DECAF", "description": "This is one flavourful, characterful cup  a blend of coffees from smallholder farmers in Peru, with caffeine removed by natural process without chemicals. Its indulgent, rich and full-bodied, with hints of dark caramel.", "bag_size": "250g", "region": "Chirinos, Peru", "altitude": "1700-2100 metres", "strength": "5", "price": "8.00", "image": "batch12_r7dSzCS.png", "image_url": null}}, {"model": "products.product", "pk": 3, "fields": {"category": 1, "variety": 2, "sku": "BC-WB-AR-3", "name": "BATCH 1", "description": "From the aroma you can really tell this is going to be a sweet coffee. As you take a sip, there is a honeycomb taste that really stands out. Carried through on that honeycomb is a touch of acidity that really excites the taste buds. The honeycomb is joined by notes of vanilla to really season the coffee.", "bag_size": "250g", "region": "Mogiana, Brazil", "altitude": "900-1100 metres", "strength": "3", "price": "8.00", "image": "batch1.png", "image_url": null}}, {"model": "products.product", "pk": 4, "fields": {"category": 1, "variety": 2, "sku": "BC-WB-AR-4", "name": "BATCH 3", "description": "The flavours of cacao and walnut are matched with a fruit aroma and are simply irresistible.", "bag_size": "250g", "region": "Esprito Santo, Brazil", "altitude": "700-1000 metres", "strength": "4", "price": "8.00", "image": "batch3.png", "image_url": null}}, {"model": "products.product", "pk": 5, "fields": {"category": 3, "variety": 1, "sku": "BC-FI-RO-4", "name": "BATCH 4", "description": "A medium roast with a sweet honey aroma. There are lingering aftertastes of cacao and red currant which match with milk perfectly, if a flat white or latte is your choice of drink.\r\nThe plantation is situated in the Southern Province of Loja, Ecuador. Due to its close proximity to the Equator, Ecuador experiences high temperatures all year round and 12 hours of daylight that allow for a consistent crop to generate year after year.", "bag_size": "250g", "region": "Loja, Ecuador", "altitude": "1650 metres", "strength": "4", "price": "8.00", "image": "batch4_egsCgj0.png", "image_url": null}}, {"model": "products.product", "pk": 6, "fields": {"category": 2, "variety": 2, "sku": "BC-CA-AR-4", "name": "BATCH 5", "description": "This coffee has a long fermentation process that ramps up both the fruity characteristics and mouthfeel. The blackcurrant quality in this coffee is sweet and full, not so much bright and acidic, and is backed up by lots of plum jam. This sweetness becomes jammy and sticky due to the full-bodied mouthfeel of the brewed coffee.", "bag_size": "250g", "region": "Antigua, Guatemala", "altitude": "1500-1800 metres", "strength": "4", "price": "6.50", "image": "batch5.png", "image_url": null}}, {"model": "products.product", "pk": 7, "fields": {"category": 1, "variety": 2, "sku": "BC-WB-AR-9", "name": "BATCH 6", "description": "This deliciously sweet, low acidic coffee with a bold body is great for those who drink it black. The intense aroma are typical of most island coffees. The large beans produce an even roast which offer luscious, sugar cane flavours when roasted medium.", "bag_size": "250g", "region": "Central Valley, Costa Rica", "altitude": "1500 metres", "strength": "9", "price": "9.00", "image": "batch6.png", "image_url": null}}, {"model": "products.product", "pk": 8, "fields": {"category": 2, "variety": 1, "sku": "BC-CA-RO-6D", "name": "BATCH 8 DECAF", "description": "The creamy body and pleasant acidity of Guatemalan Atitln coffee creates a great cup of flavours including nutmeg, burnt sugar, lime.", "bag_size": "250g", "region": "Atitln, Guatemala", "altitude": "1350 metres", "strength": "6", "price": "7.50", "image": "batch8.png", "image_url": null}}, {"model": "products.product", "pk": 9, "fields": {"category": 4, "variety": 2, "sku": "BC-ES-AR-8", "name": "BATCH 10", "description": "A delicious bourbon variety from El Salvador, this coffee is a good all rounder for anyone who likes coffee black or with milk. The sweet, caramel notes are twinned with a light acidity, resulting in a balanced cup.", "bag_size": "250g", "region": "Santa Ana, El Salvador", "altitude": "1200-1500 metres", "strength": "8", "price": "8.50", "image": "batch10.png", "image_url": null}}, {"model": "products.product", "pk": 10, "fields": {"category": 2, "variety": 2, "sku": "BC-CA-AR-8", "name": "BATCH 11", "description": "Delicate and silky smooth flavour with hint of caramel. This coffee from Honduras is ideal if you want high caffeine without the bitterness. Best left to brew for 5-10 minutes in 85 degrees celsius, freshly boiled water.", "bag_size": "250g", "region": "Opalca, Honduras", "altitude": "11001500 metres", "strength": "8", "price": "7.50", "image": "batch11.png", "image_url": null}}, {"model": "checkout.order", "pk": 53, "fields": {"order_number": "FAEC1DD6AE3146A1982702BAB54ECD32", "user_account": null, "full_name": "test", "email": "test@test.com", "phone_number": "01234567890", "street_address1": "anywhere", "street_address2": null, "town_or_city": "anywhere", "county": "London", "postcode_zipcode": "ab12 3cd", "country": "GB", "date": "2021-04-27T09:14:50.771Z", "expected_delivery_date": "2021-04-29", "delivery_cost": "3.00", "sub_total": "0.00", "order_total": "16.00", "grand_total": "19.00", "original_bag": "{\"2\": 2}", "stripe_pid": "pi_1IkmrlGsh3D5chsBvA7PJNkO"}}, {"model": "checkout.order", "pk": 54, "fields": {"order_number": "53CECD9658784956AA4F04FEE1346A98", "user_account": null, "full_name": "Joe Bloggs", "email": "joe@bloggs.com", "phone_number": "01234567890", "street_address1": "12 Street", "street_address2": null, "town_or_city": "London", "county": "London", "postcode_zipcode": "w1 5ab", "country": "GB", "date": "2021-04-27T09:17:00.917Z", "expected_delivery_date": "2021-04-29", "delivery_cost": "3.00", "sub_total": "0.00", "order_total": "16.00", "grand_total": "19.00", "original_bag": "{\"3\": 2}", "stripe_pid": "pi_1Ikn1xGsh3D5chsBw9W4ES44"}}, {"model": "checkout.order", "pk": 55, "fields": {"order_number": "4491382E1B0448848C5D06D1EB6C210D", "user_account": null, "full_name": "test", "email": "test@test.com", "phone_number": "01234567890", "street_address1": "anywhere", "street_address2": null, "town_or_city": "anywhere", "county": "London", "postcode_zipcode": "ab12 3cd", "country": "GB", "date": "2021-04-27T09:20:24.670Z", "expected_delivery_date": "2021-04-29", "delivery_cost": "3.00", "sub_total": "0.00", "order_total": "16.00", "grand_total": "19.00", "original_bag": "{\"2\": 2}", "stripe_pid": "pi_1Ikm7hGsh3D5chsB3S4Cavxn"}}, {"model": "checkout.order", "pk": 56, "fields": {"order_number": "5C2067D201F047E88537978E64E44CCC", "user_account": null, "full_name": "Joe Bloggs", "email": "joe@bloggs.com", "phone_number": "01234567890", "street_address1": "12 Street", "street_address2": null, "town_or_city": "London", "county": "London", "postcode_zipcode": "w1 5ab", "country": "GB", "date": "2021-04-27T09:48:59.180Z", "expected_delivery_date": "2021-04-29", "delivery_cost": "3.00", "sub_total": "0.00", "order_total": "6.50", "grand_total": "9.50", "original_bag": "{\"6\": 1}", "stripe_pid": "pi_1IkmauGsh3D5chsB4otk0BgG"}}, {"model": "checkout.order", "pk": 57, "fields": {"order_number": "2AD5222C05C94391AEE5FE050054C7C1", "user_account": null, "full_name": "Joe Bloggs", "email": "joe@bloggs.com", "phone_number": "01234567890", "street_address1": "12 Street", "street_address2": null, "town_or_city": "London", "county": "London", "postcode_zipcode": "w1 5ab", "country": "GB", "date": "2021-04-27T10:00:41.819Z", "expected_delivery_date": "2021-04-29", "delivery_cost": "3.00", "sub_total": "0.00", "order_total": "13.00", "grand_total": "16.00", "original_bag": "{\"6\": 1}", "stripe_pid": "pi_1IkmlAGsh3D5chsBUiMGJdYE"}}, {"model": "checkout.order", "pk": 58, "fields": {"order_number": "970D27587F4948D685875877DA3BAF07", "user_account": null, "full_name": "Aaron Aarons", "email": "aaron@aaron.com", "phone_number": "01234567890", "street_address1": "12 Road", "street_address2": null, "town_or_city": "York", "county": "Yorkshire", "postcode_zipcode": "Y123rg", "country": "GB", "date": "2021-04-27T15:44:41.309Z", "expected_delivery_date": "2021-04-29", "delivery_cost": "3.00", "sub_total": "0.00", "order_total": "8.00", "grand_total": "11.00", "original_bag": "{\"2\": 1}", "stripe_pid": "pi_1Ikt4WGsh3D5chsBqb72V5xz"}}, {"model": "checkout.order", "pk": 59, "fields": {"order_number": "1421A6C8093844DCB65E30B97024D6E6", "user_account": null, "full_name": "test", "email": "test@test.com", "phone_number": "01234567890", "street_address1": "anywhere", "street_address2": null, "town_or_city": "anywhere", "county": "London", "postcode_zipcode": "ab12 3cd", "country": "GB", "date": "2021-04-27T21:30:43.046Z", "expected_delivery_date": "2021-04-29", "delivery_cost": "3.00", "sub_total": "0.00", "order_total": "8.00", "grand_total": "11.00", "original_bag": "{\"3\": 1}", "stripe_pid": "pi_1IkyUBGsh3D5chsBNgg4tdkB"}}, {"model": "checkout.order", "pk": 60, "fields": {"order_number": "853C57150F1E420D9B2408BFF1335BAD", "user_account": 2, "full_name": "testy test", "email": "test@test.com", "phone_number": "01234567890", "street_address1": "1 Lane", "street_address2": null, "town_or_city": "London", "county": null, "postcode_zipcode": "e1 1ab", "country": "GB", "date": "2021-04-27T22:33:08.751Z", "expected_delivery_date": "2021-04-29", "delivery_cost": "3.00", "sub_total": "0.00", "order_total": "9.00", "grand_total": "12.00", "original_bag": "{\"7\": 1}", "stripe_pid": "pi_1IkzRmGsh3D5chsBhY46ON5G"}}, {"model": "checkout.order", "pk": 61, "fields": {"order_number": "BAA0558395D8419DBE2E9F07521C1BCB", "user_account": 2, "full_name": "testy test", "email": "test@test.com", "phone_number": "01234567890", "street_address1": "1 Lane", "street_address2": null, "town_or_city": "London", "county": null, "postcode_zipcode": "e1 1ab", "country": "GB", "date": "2021-04-27T23:02:50.940Z", "expected_delivery_date": "2021-04-29", "delivery_cost": "3.00", "sub_total": "0.00", "order_total": "7.50", "grand_total": "10.50", "original_bag": "{\"10\": 1}", "stripe_pid": "pi_1IkzvEGsh3D5chsBOOe1hw5m"}}, {"model": "checkout.order", "pk": 62, "fields": {"order_number": "1319BFF808C94ACE935B94642BB42232", "user_account": 1, "full_name": "test", "email": "test@test.com", "phone_number": "01234567890", "street_address1": "anywhere", "street_address2": null, "town_or_city": "anywhere", "county": "London", "postcode_zipcode": "ab12 3cd", "country": "GB", "date": "2021-04-27T23:26:39.228Z", "expected_delivery_date": "2021-04-29", "delivery_cost": "3.00", "sub_total": "0.00", "order_total": "8.00", "grand_total": "11.00", "original_bag": "{\"4\": 1}", "stripe_pid": "pi_1Il0IEGsh3D5chsBFMmRGicq"}}, {"model": "checkout.order", "pk": 63, "fields": {"order_number": "84B23C9747CB47B8AA351DE27D948B46", "user_account": 1, "full_name": "Fay", "email": "fayskerritt1@gmail.com", "phone_number": "01234567890", "street_address1": "anywhere", "street_address2": null, "town_or_city": "anywhere", "county": "London", "postcode_zipcode": "ab12 3cd", "country": "GB", "date": "2021-04-28T12:13:45.378Z", "expected_delivery_date": "2021-04-30", "delivery_cost": "3.00", "sub_total": "56.00", "order_total": "51.00", "grand_total": "54.00", "original_bag": "{\"1\": 7}", "stripe_pid": "pi_1IlCGBGsh3D5chsBQZYrWZBU"}}, {"model": "checkout.order", "pk": 64, "fields": {"order_number": "30D707A994A6482EAFCFFD111D102A37", "user_account": 1, "full_name": "Fay", "email": "fayskerritt1@gmail.com", "phone_number": "01234567890", "street_address1": "anywhere", "street_address2": null, "town_or_city": "anywhere", "county": "London", "postcode_zipcode": "ab12 3cd", "country": "GB", "date": "2021-04-28T23:07:50.062Z", "expected_delivery_date": "2021-04-30", "delivery_cost": "3.00", "sub_total": "61.50", "order_total": "56.50", "grand_total": "59.50", "original_bag": "{\"10\": 1, \"2\": 1, \"3\": 2, \"5\": 1, \"1\": 1, \"6\": 1, \"8\": 1}", "stripe_pid": "pi_1IlMTdGsh3D5chsBBDDPBuMA"}}, {"model": "checkout.orderlineitem", "pk": 57, "fields": {"order": 53, "product": 2, "quantity": 2, "lineitem_total": "16.00"}}, {"model": "checkout.orderlineitem", "pk": 58, "fields": {"order": 54, "product": 3, "quantity": 2, "lineitem_total": "16.00"}}, {"model": "checkout.orderlineitem", "pk": 60, "fields": {"order": 55, "product": 2, "quantity": 2, "lineitem_total": "16.00"}}, {"model": "checkout.orderlineitem", "pk": 61, "fields": {"order": 56, "product": 6, "quantity": 1, "lineitem_total": "6.50"}}, {"model": "checkout.orderlineitem", "pk": 62, "fields": {"order": 57, "product": 6, "quantity": 2, "lineitem_total": "13.00"}}, {"model": "checkout.orderlineitem", "pk": 63, "fields": {"order": 58, "product": 2, "quantity": 1, "lineitem_total": "8.00"}}, {"model": "checkout.orderlineitem", "pk": 64, "fields": {"order": 59, "product": 3, "quantity": 1, "lineitem_total": "8.00"}}, {"model": "checkout.orderlineitem", "pk": 65, "fields": {"order": 60, "product": 7, "quantity": 1, "lineitem_total": "9.00"}}, {"model": "checkout.orderlineitem", "pk": 66, "fields": {"order": 61, "product": 10, "quantity": 1, "lineitem_total": "7.50"}}, {"model": "checkout.orderlineitem", "pk": 67, "fields": {"order": 62, "product": 4, "quantity": 1, "lineitem_total": "8.00"}}, {"model": "checkout.orderlineitem", "pk": 68, "fields": {"order": 63, "product": 1, "quantity": 7, "lineitem_total": "56.00"}}, {"model": "checkout.orderlineitem", "pk": 69, "fields": {"order": 64, "product": 10, "quantity": 1, "lineitem_total": "7.50"}}, {"model": "checkout.orderlineitem", "pk": 70, "fields": {"order": 64, "product": 2, "quantity": 1, "lineitem_total": "8.00"}}, {"model": "checkout.orderlineitem", "pk": 71, "fields": {"order": 64, "product": 3, "quantity": 2, "lineitem_total": "16.00"}}, {"model": "checkout.orderlineitem", "pk": 72, "fields": {"order": 64, "product": 5, "quantity": 1, "lineitem_total": "8.00"}}, {"model": "checkout.orderlineitem", "pk": 73, "fields": {"order": 64, "product": 1, "quantity": 1, "lineitem_total": "8.00"}}, {"model": "checkout.orderlineitem", "pk": 74, "fields": {"order": 64, "product": 6, "quantity": 1, "lineitem_total": "6.50"}}, {"model": "checkout.orderlineitem", "pk": 75, "fields": {"order": 64, "product": 8, "quantity": 1, "lineitem_total": "7.50"}}, {"model": "accounts.useraccount", "pk": 1, "fields": {"user": 1, "default_phone_number": "01234567890", "default_street_address1": "anywhere", "default_street_address2": null, "default_town_or_city": "anywhere", "default_county": "London", "default_postcode_zipcode": "ab12 3cd", "default_country": "GB"}}, {"model": "accounts.useraccount", "pk": 2, "fields": {"user": 2, "default_phone_number": "01234567890", "default_street_address1": "1 Lane", "default_street_address2": null, "default_town_or_city": "London", "default_county": null, "default_postcode_zipcode": "e1 1ab", "default_country": "GB"}}, {"model": "accounts.useraccount", "pk": 3, "fields": {"user": 3, "default_phone_number": null, "default_street_address1": null, "default_street_address2": null, "default_town_or_city": null, "default_county": null, "default_postcode_zipcode": null, "default_country": null}}, {"model": "accounts.useraccount", "pk": 4, "fields": {"user": 4, "default_phone_number": null, "default_street_address1": null, "default_street_address2": null, "default_town_or_city": null, "default_county": null, "default_postcode_zipcode": null, "default_country": null}}, {"model": "accounts.useraccount", "pk": 5, "fields": {"user": 5, "default_phone_number": null, "default_street_address1": null, "default_street_address2": null, "default_town_or_city": null, "default_county": null, "default_postcode_zipcode": null, "default_country": null}}, {"model": "saveditems.savedlist", "pk": 1, "fields": {"user_account": 1}}, {"model": "saveditems.saveditems", "pk": 15, "fields": {"saved_list": 1, "product": 10}}, {"model": "saveditems.saveditems", "pk": 16, "fields": {"saved_list": 1, "product": 8}}, {"model": "saveditems.saveditems", "pk": 17, "fields": {"saved_list": 1, "product": 6}}, {"model": "saveditems.saveditems", "pk": 19, "fields": {"saved_list": 1, "product": 2}}, {"model": "comments.comment", "pk": 2, "fields": {"user": 1, "product": 1, "comment": "Amazing coffee, really good flavours but not for the faint hearted - very strong!", "comment_date": "2021-04-28T16:30:32.563Z"}}, {"model": "comments.comment", "pk": 89, "fields": {"user": 1, "product": 7, "comment": "Really strong coffee! Wakes you up but also tastes great", "comment_date": "2021-04-28T19:16:15.415Z"}}, {"model": "comments.comment", "pk": 91, "fields": {"user": 1, "product": 4, "comment": "Smells amazing! :)", "comment_date": "2021-04-28T19:53:35.430Z"}}]